"","PLAYER","OPPONENT POSSESSIONS","CMU POSSESSIONS","LINEUP SECONDS","OPPONENT PTS","CMU PTS","CMU 3PA","CMU FGA","CMU FTA","CMU REBOUNDS","TOTAL REBOUNDS","OPPONENTS","SCORE DIFFERENTIAL WHEN ENTER","QUARTER","PACE","OFFENSIVE RATING","DEFENSIVE RATING","NET RATING","3PA/FGA","TRUE SHOOTING %","TRB%","NUMBER","LABEL"
"1","ARIAS,AVA",710,715,24489,560,702,174,586,151,378,759,"brandeis, denison, rochester, brandeis, washu2, allegheny, brandeis, carlow, case western reserve, case western reserve, chicago, chicago2, denison, emory2, muskingum, muskingum, oberlin, oberlin, penn state-behrend, penn state-behrend, rochester, washington & jefferson, washington & jefferson, washu2, washu2, washu2, washu2, allegheny, baldwin wallace, bridgewater st., case western reserve2, penn state-behrend, rochester, case western reserve, allegheny, brandeis2, bridgewater st., case western reserve2, case western reserve2, chicago2, denison, emory, johns hopkins, la roche, rochester, washu2, wis.-eau claire, bridgewater st., brandeis, emory, nyu, washu, nyu2, rochester2, case western reserve2, penn state-behrend, brandeis, muskingum, muskingum, washu2, la roche, case western reserve, allegheny, brandeis, bridgewater st., carlow, case western reserve, chicago2, emory2, emory2, emory2, johns hopkins, nyu, nyu2, penn state-behrend, washu, wis.-eau claire, washu, washu, emory, brandeis, emory, nyu, nyu, denison, washington & jefferson, nyu, nyu, chicago, rochester2, allegheny, baldwin wallace, wis.-eau claire, rochester2, rochester2, nyu2, la roche, allegheny, baldwin wallace, baldwin wallace, baldwin wallace, baldwin wallace, brandeis, bridgewater st., bridgewater st., carlow, case western reserve, case western reserve, case western reserve, chicago, chicago, chicago, denison, denison, denison, johns hopkins, johns hopkins, la roche, la roche, la roche, nyu, nyu2, oberlin, penn state-behrend, penn state-behrend, penn state-behrend, rochester, washu, washu2, wis.-eau claire, wis.-eau claire, wis.-eau claire, wis.-eau claire, wooster, wooster, baldwin wallace, brandeis2, la roche, nyu2, rochester, rochester2, rochester2, rochester2, allegheny, allegheny, baldwin wallace, brandeis2, brandeis2, bridgewater st., case western reserve2, chicago, chicago2, chicago2, denison, denison, emory, emory2, la roche, nyu2, penn state-behrend, rochester, washu, washu, allegheny, brandeis, nyu2, emory2, washington & jefferson, brandeis, oberlin, muskingum, wis.-eau claire, bridgewater st., emory2, emory2, nyu2, brandeis, chicago, rochester, nyu, emory, brandeis, nyu, brandeis, bridgewater st., chicago, wis.-eau claire, rochester2, brandeis2, emory, washu2, baldwin wallace, brandeis, brandeis2, bridgewater st., bridgewater st., case western reserve, case western reserve, case western reserve2, emory2, johns hopkins, johns hopkins, la roche, nyu, nyu2, nyu2, washu, wis.-eau claire, wis.-eau claire, nyu, wooster, case western reserve2, bridgewater st., emory2, washington & jefferson, brandeis, oberlin, case western reserve, rochester, rochester","0, 15, 9, 15, -11, 0, 13, 23, -11, -11, -4, 6, 1, -7, 0, 11, 0, 18, 8, 5, 5, 0, 0, 0, 10, 5, 4, -3, -4, 13, -5, 6, 7, -10, -5, -1, 7, 9, 14, 0, -5, -6, -12, 7, 7, -11, 17, 5, 14, -4, -15, 11, -24, 0, 15, 8, 16, 9, 11, -13, 16, -9, -5, 0, 8, 6, -11, 4, -4, -3, 0, -8, -16, -18, 8, 13, 13, 3, 13, -3, 5, -4, -9, -26, 15, 8, -33, -33, 2, 11, 1, 5, 15, -4, 15, -23, 7, -2, 0, -2, 9, -9, 7, -2, 7, 0, 0, -9, 0, 4, 0, -3, 0, -5, -5, -6, 2, 0, 9, 17, -19, -19, 19, 0, 7, 3, 17, -2, -1, 0, 3, 13, 9, 0, 12, 0, 6, 11, -13, 19, 7, 14, 9, -5, 1, -7, -5, 2, 2, -4, 0, -4, 4, -4, 14, -9, -6, 7, -10, 6, 7, 1, 12, 0, 15, -18, -14, 8, 14, 19, 8, -1, 3, -5, -5, -18, 7, -2, 2, -25, -2, 22, -36, 22, 5, -4, 17, 9, -4, -4, -10, 6, 7, -6, 0, 1, -9, -5, 0, -6, -6, -9, 11, -19, -13, -18, 22, 13, 9, -11, 7, 14, 3, -5, 9, 14, 19, -8, 5, 11","1, 4, 3, 4, 1, 3, 2, 3, 1, 1, 3, 2, 1, 1, 1, 3, 1, 3, 3, 4, 2, 1, 3, 3, 4, 4, 4, 1, 1, 4, 1, 1, 1, 1, 2, 1, 1, 3, 4, 3, 1, 1, 1, 1, 3, 1, 4, 1, 2, 1, 1, 1, 2, 1, 2, 1, 4, 2, 2, 1, 3, 2, 1, 1, 4, 1, 1, 2, 1, 3, 4, 1, 1, 3, 4, 3, 2, 1, 4, 1, 1, 1, 1, 2, 4, 4, 3, 3, 1, 2, 2, 2, 2, 1, 3, 2, 2, 3, 1, 2, 2, 3, 1, 1, 2, 1, 1, 3, 4, 2, 2, 4, 1, 2, 3, 1, 2, 1, 3, 3, 2, 3, 2, 1, 2, 3, 4, 1, 2, 1, 2, 3, 3, 1, 3, 1, 3, 2, 1, 3, 2, 3, 4, 1, 2, 3, 2, 3, 1, 1, 1, 1, 3, 2, 4, 3, 1, 2, 1, 4, 1, 1, 3, 1, 4, 2, 2, 4, 4, 2, 2, 1, 4, 3, 4, 2, 2, 1, 1, 2, 1, 3, 3, 3, 3, 1, 4, 2, 1, 2, 1, 2, 2, 2, 2, 3, 3, 3, 1, 1, 1, 3, 2, 2, 1, 3, 2, 2, 3, 1, 2, 2, 3, 3, 3, 4, 2, 2, 1, 2",69.827269386255,98.1818181818182,78.8732394366197,19.3085787451985,0.296928327645051,53.7980503954387,49.802371541502,"23","23 - 24489"
"2","BANEY,PAYTON",1117,1108,37774,946,1138,277,886,295,597,1133,"brandeis, denison, rochester, brandeis, washu2, allegheny, brandeis, carlow, case western reserve, case western reserve, chicago, chicago2, denison, emory2, muskingum, muskingum, oberlin, oberlin, penn state-behrend, penn state-behrend, rochester, washington & jefferson, washington & jefferson, washu2, washu2, washu2, washu2, allegheny, baldwin wallace, bridgewater st., case western reserve2, penn state-behrend, rochester, case western reserve, allegheny, brandeis2, bridgewater st., case western reserve2, case western reserve2, chicago2, denison, emory, johns hopkins, la roche, rochester, washu2, wis.-eau claire, bridgewater st., brandeis, emory, nyu, washu, nyu2, rochester2, case western reserve2, penn state-behrend, brandeis, muskingum, muskingum, washu2, la roche, case western reserve, allegheny, brandeis, bridgewater st., carlow, case western reserve, chicago2, emory2, emory2, emory2, johns hopkins, nyu, nyu2, penn state-behrend, washu, wis.-eau claire, washu, washu, denison, case western reserve, washington & jefferson, case western reserve, brandeis, baldwin wallace, rochester2, rochester2, allegheny, brandeis2, chicago, rochester2, rochester2, rochester2, brandeis2, chicago2, allegheny, allegheny, brandeis, brandeis, brandeis2, brandeis2, brandeis2, brandeis2, brandeis2, bridgewater st., bridgewater st., bridgewater st., bridgewater st., bridgewater st., bridgewater st., bridgewater st., case western reserve, case western reserve, case western reserve2, case western reserve2, case western reserve2, chicago, chicago, chicago, chicago, chicago, chicago, chicago2, chicago2, chicago2, denison, emory, emory, emory, emory2, emory2, emory2, johns hopkins, johns hopkins, la roche, nyu, nyu, nyu, nyu2, nyu2, penn state-behrend, penn state-behrend, penn state-behrend, penn state-behrend, rochester, rochester, washu, washu, washu2, washu2, washu2, wis.-eau claire, wis.-eau claire, wooster, nyu, baldwin wallace, chicago2, denison, emory2, johns hopkins, nyu2, rochester, rochester2, rochester2, rochester2, rochester2, rochester2, washu2, wis.-eau claire, penn state-behrend, allegheny, baldwin wallace, baldwin wallace, baldwin wallace, brandeis2, brandeis2, bridgewater st., case western reserve, case western reserve, case western reserve2, chicago, chicago2, chicago2, denison, nyu2, penn state-behrend, washu2, wis.-eau claire, wis.-eau claire, wis.-eau claire, wooster, allegheny, washington & jefferson, carlow, oberlin, denison, emory2, rochester2, rochester2, emory, la roche, muskingum, washington & jefferson, washington & jefferson, washu2, wooster, case western reserve2, brandeis2, muskingum, muskingum, washington & jefferson, washington & jefferson, emory, allegheny, baldwin wallace, chicago, denison, denison, denison, emory2, emory2, emory2, emory2, johns hopkins, johns hopkins, oberlin, oberlin, oberlin, rochester, rochester, washington & jefferson, washington & jefferson, washington & jefferson, washington & jefferson, washu2, washu2, washu2, washu2, washu2, wooster, brandeis2, nyu2, rochester2, case western reserve2, nyu2, wis.-eau claire, allegheny, washu, wooster, wooster, brandeis, washington & jefferson, case western reserve, brandeis, penn state-behrend, washu, wooster, allegheny, emory, allegheny, case western reserve, chicago, penn state-behrend, allegheny, brandeis, brandeis, brandeis2, bridgewater st., bridgewater st., case western reserve, case western reserve, case western reserve2, chicago, denison, denison, denison, johns hopkins, johns hopkins, johns hopkins, penn state-behrend, penn state-behrend, washu, washu, washu2, washu2, wis.-eau claire, wooster, wooster, washu, muskingum, brandeis2, carlow, muskingum, oberlin, emory2, johns hopkins, la roche, muskingum, rochester, washington & jefferson, washu2, muskingum, muskingum, oberlin, penn state-behrend, rochester, case western reserve, case western reserve, brandeis2, bridgewater st., allegheny","0, 15, 9, 15, -11, 0, 13, 23, -11, -11, -4, 6, 1, -7, 0, 11, 0, 18, 8, 5, 5, 0, 0, 0, 10, 5, 4, -3, -4, 13, -5, 6, 7, -10, -5, -1, 7, 9, 14, 0, -5, -6, -12, 7, 7, -11, 17, 5, 14, -4, -15, 11, -24, 0, 15, 8, 16, 9, 11, -13, 16, -9, -5, 0, 8, 6, -11, 4, -4, -3, 0, -8, -16, -18, 8, 13, 13, 3, 13, 17, -7, 4, -9, 7, 5, 11, 9, -2, 11, -3, 11, 13, 18, 8, 2, 7, 13, 0, 14, 0, -9, -2, 10, 13, 0, 7, 0, 1, 8, 11, 11, -11, 0, 0, 4, 11, 0, 4, 0, -4, -5, -7, 0, 2, 1, 6, 0, 1, -9, 0, -14, -8, 0, 3, 12, 0, -19, -27, 0, -23, 1, 6, 6, 9, 0, 13, 0, 19, 0, -1, 8, 10, 12, 12, -33, -4, 4, 6, -12, -12, -11, 17, 0, 13, 10, 10, 13, -1, 10, 7, 12, 0, -5, -10, -2, 10, -5, -7, -1, 11, 1, 2, 1, 14, -15, 2, -6, -1, 10, 10, -1, 16, 3, 20, 10, -10, -17, 0, 11, -6, 11, 9, 2, 8, 7, 14, 6, -2, 5, 30, -2, 0, -9, -3, -2, -6, 0, -6, 14, -19, -9, -4, 0, -12, -8, -2, 13, 15, 7, 16, -5, 2, -2, 5, -6, 3, 6, 12, 3, -3, 11, -19, 0, 15, -21, -1, 16, 22, 5, 7, 19, 0, -9, 9, 8, 22, 8, 0, -8, 1, -4, -3, 1, -9, 6, 20, 11, 8, -2, -9, -3, 9, -7, -3, -6, 4, -12, -8, -10, 5, 8, 17, 16, -3, 12, -1, 0, 12, 15, 9, -2, 24, 11, 12, -3, -8, 11, 9, 12, 9, -2, 10, 8, 19, 7, 14, -9, 4, 8, 0, 16","1, 4, 3, 4, 1, 3, 2, 3, 1, 1, 3, 2, 1, 1, 1, 3, 1, 3, 3, 4, 2, 1, 3, 3, 4, 4, 4, 1, 1, 4, 1, 1, 1, 1, 2, 1, 1, 3, 4, 3, 1, 1, 1, 1, 3, 1, 4, 1, 2, 1, 1, 1, 2, 1, 2, 1, 4, 2, 2, 1, 3, 2, 1, 1, 4, 1, 1, 2, 1, 3, 4, 1, 1, 3, 4, 3, 2, 1, 4, 4, 1, 1, 1, 2, 2, 2, 3, 2, 4, 4, 2, 2, 3, 4, 2, 3, 4, 1, 3, 1, 1, 3, 4, 4, 1, 2, 3, 3, 4, 4, 4, 2, 4, 1, 2, 3, 1, 2, 3, 4, 4, 4, 1, 3, 4, 4, 1, 2, 3, 1, 2, 3, 1, 3, 3, 1, 2, 3, 1, 3, 3, 3, 4, 4, 1, 3, 1, 3, 1, 3, 4, 2, 3, 3, 3, 1, 2, 3, 1, 3, 3, 3, 1, 3, 3, 4, 4, 2, 2, 1, 4, 1, 3, 4, 2, 4, 3, 1, 4, 4, 4, 2, 4, 4, 2, 1, 1, 1, 2, 3, 1, 4, 2, 1, 1, 2, 2, 1, 2, 2, 1, 1, 1, 4, 4, 3, 2, 2, 2, 3, 2, 1, 2, 1, 1, 4, 1, 2, 4, 2, 3, 4, 4, 2, 4, 1, 2, 3, 3, 4, 1, 2, 3, 4, 2, 3, 4, 4, 4, 1, 3, 2, 2, 3, 2, 1, 4, 2, 2, 2, 3, 1, 1, 2, 1, 2, 2, 2, 2, 3, 2, 4, 2, 1, 1, 3, 4, 2, 2, 2, 3, 3, 3, 1, 3, 3, 3, 4, 4, 2, 3, 2, 3, 2, 4, 1, 2, 2, 2, 2, 2, 2, 1, 2, 3, 4, 1, 2, 2, 3, 2, 2, 2, 2, 2, 2, 2, 3, 3, 1, 4",70.6835389421295,102.707581227437,84.6911369740376,18.0164442533992,0.312641083521445,56.014963575507,52.6919682259488,"15","15 - 37774"
"3","CHINTALA,ANISHA",1319,1299,44325,1107,1245,310,1040,342,680,1332,"brandeis, denison, rochester, brandeis, washu2, allegheny, brandeis, carlow, case western reserve, case western reserve, chicago, chicago2, denison, emory2, muskingum, muskingum, oberlin, oberlin, penn state-behrend, penn state-behrend, rochester, washington & jefferson, washington & jefferson, washu2, washu2, washu2, washu2, allegheny, baldwin wallace, bridgewater st., case western reserve2, penn state-behrend, rochester, case western reserve, allegheny, brandeis2, bridgewater st., case western reserve2, case western reserve2, chicago2, denison, emory, johns hopkins, la roche, rochester, washu2, wis.-eau claire, bridgewater st., emory, brandeis, emory, nyu, nyu, denison, washington & jefferson, nyu, nyu, chicago, rochester2, allegheny, baldwin wallace, wis.-eau claire, rochester2, rochester2, nyu2, la roche, allegheny, baldwin wallace, baldwin wallace, baldwin wallace, baldwin wallace, brandeis, bridgewater st., bridgewater st., carlow, case western reserve, case western reserve, case western reserve, chicago, chicago, chicago, denison, denison, denison, johns hopkins, johns hopkins, la roche, la roche, la roche, nyu, nyu2, oberlin, penn state-behrend, penn state-behrend, penn state-behrend, rochester, washu, washu2, wis.-eau claire, wis.-eau claire, wis.-eau claire, wis.-eau claire, wooster, wooster, baldwin wallace, brandeis2, la roche, nyu2, rochester, rochester2, rochester2, rochester2, allegheny, allegheny, baldwin wallace, brandeis2, brandeis2, bridgewater st., case western reserve2, chicago, chicago2, chicago2, denison, denison, emory, emory2, la roche, nyu2, penn state-behrend, rochester, washu, washu, allegheny, brandeis, nyu2, emory2, washington & jefferson, brandeis, oberlin, muskingum, wis.-eau claire, bridgewater st., emory2, emory2, nyu2, brandeis, chicago, rochester, denison, case western reserve, washington & jefferson, case western reserve, brandeis, baldwin wallace, rochester2, rochester2, allegheny, brandeis2, chicago, rochester2, rochester2, rochester2, brandeis2, chicago2, allegheny, allegheny, brandeis, brandeis, brandeis2, brandeis2, brandeis2, brandeis2, brandeis2, bridgewater st., bridgewater st., bridgewater st., bridgewater st., bridgewater st., bridgewater st., bridgewater st., case western reserve, case western reserve, case western reserve2, case western reserve2, case western reserve2, chicago, chicago, chicago, chicago, chicago, chicago, chicago2, chicago2, chicago2, denison, emory, emory, emory, emory2, emory2, emory2, johns hopkins, johns hopkins, la roche, nyu, nyu, nyu, nyu2, nyu2, penn state-behrend, penn state-behrend, penn state-behrend, penn state-behrend, rochester, rochester, washu, washu, washu2, washu2, washu2, wis.-eau claire, wis.-eau claire, wooster, nyu, baldwin wallace, chicago2, denison, emory2, johns hopkins, nyu2, rochester, rochester2, rochester2, rochester2, rochester2, rochester2, washu2, wis.-eau claire, penn state-behrend, allegheny, baldwin wallace, baldwin wallace, baldwin wallace, brandeis2, brandeis2, bridgewater st., case western reserve, case western reserve, case western reserve2, chicago, chicago2, chicago2, denison, nyu2, penn state-behrend, washu2, wis.-eau claire, wis.-eau claire, wis.-eau claire, wooster, allegheny, washington & jefferson, carlow, oberlin, denison, emory2, rochester2, rochester2, emory, la roche, muskingum, washington & jefferson, washington & jefferson, washu2, wooster, case western reserve2, brandeis2, muskingum, muskingum, washington & jefferson, washington & jefferson, emory, allegheny, baldwin wallace, chicago, denison, denison, denison, emory2, emory2, emory2, emory2, johns hopkins, johns hopkins, oberlin, oberlin, oberlin, rochester, rochester, washington & jefferson, washington & jefferson, washington & jefferson, washington & jefferson, washu2, washu2, washu2, washu2, washu2, wooster, brandeis2, nyu2, rochester2, case western reserve2, nyu2, wis.-eau claire, allegheny, washington & jefferson, washington & jefferson, brandeis, brandeis, oberlin, brandeis2, chicago, la roche, rochester, chicago, oberlin, bridgewater st., emory, washu2, wis.-eau claire, brandeis2, rochester, la roche, oberlin, carlow, case western reserve, bridgewater st., bridgewater st., case western reserve, case western reserve2, chicago, chicago, chicago, chicago2, denison, emory, johns hopkins, johns hopkins, oberlin, oberlin, penn state-behrend, washu2, wooster, chicago, rochester2, case western reserve2, oberlin, muskingum, washington & jefferson, washu2, washu2, brandeis2, brandeis2, brandeis2, bridgewater st., bridgewater st., bridgewater st., washington & jefferson, la roche, washington & jefferson","0, 15, 9, 15, -11, 0, 13, 23, -11, -11, -4, 6, 1, -7, 0, 11, 0, 18, 8, 5, 5, 0, 0, 0, 10, 5, 4, -3, -4, 13, -5, 6, 7, -10, -5, -1, 7, 9, 14, 0, -5, -6, -12, 7, 7, -11, 17, 5, -3, 5, -4, -9, -26, 15, 8, -33, -33, 2, 11, 1, 5, 15, -4, 15, -23, 7, -2, 0, -2, 9, -9, 7, -2, 7, 0, 0, -9, 0, 4, 0, -3, 0, -5, -5, -6, 2, 0, 9, 17, -19, -19, 19, 0, 7, 3, 17, -2, -1, 0, 3, 13, 9, 0, 12, 0, 6, 11, -13, 19, 7, 14, 9, -5, 1, -7, -5, 2, 2, -4, 0, -4, 4, -4, 14, -9, -6, 7, -10, 6, 7, 1, 12, 0, 15, -18, -14, 8, 14, 19, 8, -1, 3, -5, -5, -18, 7, -2, 2, 17, -7, 4, -9, 7, 5, 11, 9, -2, 11, -3, 11, 13, 18, 8, 2, 7, 13, 0, 14, 0, -9, -2, 10, 13, 0, 7, 0, 1, 8, 11, 11, -11, 0, 0, 4, 11, 0, 4, 0, -4, -5, -7, 0, 2, 1, 6, 0, 1, -9, 0, -14, -8, 0, 3, 12, 0, -19, -27, 0, -23, 1, 6, 6, 9, 0, 13, 0, 19, 0, -1, 8, 10, 12, 12, -33, -4, 4, 6, -12, -12, -11, 17, 0, 13, 10, 10, 13, -1, 10, 7, 12, 0, -5, -10, -2, 10, -5, -7, -1, 11, 1, 2, 1, 14, -15, 2, -6, -1, 10, 10, -1, 16, 3, 20, 10, -10, -17, 0, 11, -6, 11, 9, 2, 8, 7, 14, 6, -2, 5, 30, -2, 0, -9, -3, -2, -6, 0, -6, 14, -19, -9, -4, 0, -12, -8, -2, 13, 15, 7, 16, -5, 2, -2, 5, -6, 3, 6, 12, 3, -3, 11, -19, 0, 15, -21, -1, 16, 8, 2, 10, 9, 31, 13, 1, 17, 15, 1, 9, 4, -10, 4, 15, 8, 10, 7, 17, 34, -3, 4, 3, 6, 11, 3, 0, -7, -2, -5, -10, -3, -7, -2, 23, 5, -3, 8, 0, 6, 11, 32, 34, 1, 0, 5, 8, 11, 11, 12, 9, 11, 1, 7, 4","1, 4, 3, 4, 1, 3, 2, 3, 1, 1, 3, 2, 1, 1, 1, 3, 1, 3, 3, 4, 2, 1, 3, 3, 4, 4, 4, 1, 1, 4, 1, 1, 1, 1, 2, 1, 1, 3, 4, 3, 1, 1, 1, 1, 3, 1, 4, 1, 1, 1, 1, 1, 2, 4, 4, 3, 3, 1, 2, 2, 2, 2, 1, 3, 2, 2, 3, 1, 2, 2, 3, 1, 1, 2, 1, 1, 3, 4, 2, 2, 4, 1, 2, 3, 1, 2, 1, 3, 3, 2, 3, 2, 1, 2, 3, 4, 1, 2, 1, 2, 3, 3, 1, 3, 1, 3, 2, 1, 3, 2, 3, 4, 1, 2, 3, 2, 3, 1, 1, 1, 1, 3, 2, 4, 3, 1, 2, 1, 4, 1, 1, 3, 1, 4, 2, 2, 4, 4, 2, 2, 1, 4, 3, 4, 2, 2, 1, 1, 4, 1, 1, 1, 2, 2, 2, 3, 2, 4, 4, 2, 2, 3, 4, 2, 3, 4, 1, 3, 1, 1, 3, 4, 4, 1, 2, 3, 3, 4, 4, 4, 2, 4, 1, 2, 3, 1, 2, 3, 4, 4, 4, 1, 3, 4, 4, 1, 2, 3, 1, 2, 3, 1, 3, 3, 1, 2, 3, 1, 3, 3, 3, 4, 4, 1, 3, 1, 3, 1, 3, 4, 2, 3, 3, 3, 1, 2, 3, 1, 3, 3, 3, 1, 3, 3, 4, 4, 2, 2, 1, 4, 1, 3, 4, 2, 4, 3, 1, 4, 4, 4, 2, 4, 4, 2, 1, 1, 1, 2, 3, 1, 4, 2, 1, 1, 2, 2, 1, 2, 2, 1, 1, 1, 4, 4, 3, 2, 2, 2, 3, 2, 1, 2, 1, 1, 4, 1, 2, 4, 2, 3, 4, 4, 2, 4, 1, 2, 3, 3, 4, 1, 2, 3, 4, 2, 3, 4, 4, 4, 1, 3, 2, 2, 3, 2, 1, 4, 4, 1, 4, 4, 3, 4, 2, 3, 4, 2, 1, 2, 3, 3, 2, 4, 2, 2, 2, 3, 3, 2, 4, 4, 3, 2, 2, 4, 1, 2, 4, 2, 3, 1, 3, 4, 2, 3, 2, 2, 3, 3, 3, 2, 2, 3, 4, 4, 4, 4, 4, 4, 2, 2, 4",70.8764805414552,95.8429561200924,83.9272175890826,11.9157385310098,0.298076923076923,52.2898326725355,51.0510510510511,"10","10 - 44325"
"4","DELMORE,KAYLA",110,112,3665,88,105,31,99,27,65,131,"brandeis, denison, brandeis, emory, nyu, washu, emory, brandeis, emory, nyu, nyu, denison, washington & jefferson, nyu, nyu, nyu, emory, brandeis, nyu, brandeis, denison, case western reserve, washington & jefferson, case western reserve, brandeis, washu, wooster, wooster, brandeis, washington & jefferson, case western reserve, brandeis, washington & jefferson, washington & jefferson, brandeis, brandeis, emory, carlow, carlow, carlow, carlow, washington & jefferson, washu","0, 15, 14, -4, -15, 11, -3, 5, -4, -9, -26, 15, 8, -33, -33, -25, -2, 22, -36, 22, 17, -7, 4, -9, 7, 22, 5, 7, 19, 0, -9, 9, 8, 2, 10, 9, -11, 25, 23, 23, 23, 0, 18","1, 4, 2, 1, 1, 1, 1, 1, 1, 1, 2, 4, 4, 3, 3, 2, 1, 3, 3, 3, 4, 1, 1, 1, 2, 2, 2, 2, 3, 1, 1, 2, 4, 1, 4, 4, 3, 2, 2, 2, 2, 1, 4",72.68758526603,93.75,80,13.75,0.313131313131313,47.3484848484849,49.618320610687,"21","21 - 3665"
"5","GIBBS,SAVANNAH",1079,1065,37222,967,976,277,854,239,552,1105,"rochester, nyu2, rochester2, emory, brandeis, emory, nyu, nyu, denison, chicago, rochester2, allegheny, baldwin wallace, wis.-eau claire, rochester2, rochester2, nyu2, la roche, allegheny, baldwin wallace, baldwin wallace, baldwin wallace, baldwin wallace, brandeis, bridgewater st., bridgewater st., carlow, case western reserve, case western reserve, case western reserve, chicago, chicago, chicago, denison, denison, denison, johns hopkins, johns hopkins, la roche, la roche, la roche, nyu, nyu2, oberlin, penn state-behrend, penn state-behrend, penn state-behrend, rochester, washu, washu2, wis.-eau claire, wis.-eau claire, wis.-eau claire, wis.-eau claire, wooster, wooster, baldwin wallace, brandeis2, la roche, nyu2, rochester, rochester2, rochester2, rochester2, allegheny, allegheny, baldwin wallace, brandeis2, brandeis2, bridgewater st., case western reserve2, chicago, chicago2, chicago2, denison, denison, emory, emory2, la roche, nyu2, penn state-behrend, rochester, washu, washu, nyu, emory, bridgewater st., chicago, wis.-eau claire, rochester2, brandeis2, emory, washu2, baldwin wallace, brandeis, brandeis2, bridgewater st., bridgewater st., case western reserve, case western reserve, case western reserve2, emory2, johns hopkins, johns hopkins, la roche, nyu, nyu2, nyu2, washu, wis.-eau claire, wis.-eau claire, nyu, wooster, denison, case western reserve, baldwin wallace, rochester2, rochester2, allegheny, brandeis2, chicago, rochester2, rochester2, rochester2, brandeis2, chicago2, allegheny, allegheny, brandeis, brandeis, brandeis2, brandeis2, brandeis2, brandeis2, brandeis2, bridgewater st., bridgewater st., bridgewater st., bridgewater st., bridgewater st., bridgewater st., bridgewater st., case western reserve, case western reserve, case western reserve2, case western reserve2, case western reserve2, chicago, chicago, chicago, chicago, chicago, chicago, chicago2, chicago2, chicago2, denison, emory, emory, emory, emory2, emory2, emory2, johns hopkins, johns hopkins, la roche, nyu, nyu, nyu, nyu2, nyu2, penn state-behrend, penn state-behrend, penn state-behrend, penn state-behrend, rochester, rochester, washu, washu, washu2, washu2, washu2, wis.-eau claire, wis.-eau claire, wooster, nyu, baldwin wallace, chicago2, denison, emory2, johns hopkins, nyu2, rochester, rochester2, rochester2, rochester2, rochester2, rochester2, washu2, wis.-eau claire, penn state-behrend, allegheny, baldwin wallace, baldwin wallace, baldwin wallace, brandeis2, brandeis2, bridgewater st., case western reserve, case western reserve, case western reserve2, chicago, chicago2, chicago2, denison, nyu2, penn state-behrend, washu2, wis.-eau claire, wis.-eau claire, wis.-eau claire, wooster, allegheny, washu, wooster, wooster, brandeis, penn state-behrend, washu, wooster, allegheny, emory, allegheny, case western reserve, chicago, penn state-behrend, allegheny, brandeis, brandeis, brandeis2, bridgewater st., bridgewater st., case western reserve, case western reserve, case western reserve2, chicago, denison, denison, denison, johns hopkins, johns hopkins, johns hopkins, penn state-behrend, penn state-behrend, washu, washu, washu2, washu2, wis.-eau claire, wooster, wooster, washu, oberlin, brandeis2, chicago, la roche, rochester, chicago, oberlin, bridgewater st., emory, washu2, wis.-eau claire, brandeis2, rochester, la roche, oberlin, carlow, case western reserve, bridgewater st., bridgewater st., case western reserve, case western reserve2, chicago, chicago, chicago, chicago2, denison, emory, johns hopkins, johns hopkins, oberlin, oberlin, penn state-behrend, washu2, wooster, chicago, rochester2, case western reserve2, emory, carlow, carlow, carlow, carlow, oberlin, brandeis, oberlin, wooster, emory, la roche, oberlin, oberlin, rochester, brandeis2, johns hopkins, wooster","9, -24, 0, -3, 5, -4, -9, -26, 15, 2, 11, 1, 5, 15, -4, 15, -23, 7, -2, 0, -2, 9, -9, 7, -2, 7, 0, 0, -9, 0, 4, 0, -3, 0, -5, -5, -6, 2, 0, 9, 17, -19, -19, 19, 0, 7, 3, 17, -2, -1, 0, 3, 13, 9, 0, 12, 0, 6, 11, -13, 19, 7, 14, 9, -5, 1, -7, -5, 2, 2, -4, 0, -4, 4, -4, 14, -9, -6, 7, -10, 6, 7, 1, 12, -25, -2, 5, -4, 17, 9, -4, -4, -10, 6, 7, -6, 0, 1, -9, -5, 0, -6, -6, -9, 11, -19, -13, -18, 22, 13, 9, -11, 7, 17, -7, 5, 11, 9, -2, 11, -3, 11, 13, 18, 8, 2, 7, 13, 0, 14, 0, -9, -2, 10, 13, 0, 7, 0, 1, 8, 11, 11, -11, 0, 0, 4, 11, 0, 4, 0, -4, -5, -7, 0, 2, 1, 6, 0, 1, -9, 0, -14, -8, 0, 3, 12, 0, -19, -27, 0, -23, 1, 6, 6, 9, 0, 13, 0, 19, 0, -1, 8, 10, 12, 12, -33, -4, 4, 6, -12, -12, -11, 17, 0, 13, 10, 10, 13, -1, 10, 7, 12, 0, -5, -10, -2, 10, -5, -7, -1, 11, 1, 2, 1, 14, -15, 2, -6, -1, 10, 10, -1, 16, 22, 5, 7, 19, 8, 22, 8, 0, -8, 1, -4, -3, 1, -9, 6, 20, 11, 8, -2, -9, -3, 9, -7, -3, -6, 4, -12, -8, -10, 5, 8, 17, 16, -3, 12, -1, 0, 12, 15, 31, 13, 1, 17, 15, 1, 9, 4, -10, 4, 15, 8, 10, 7, 17, 34, -3, 4, 3, 6, 11, 3, 0, -7, -2, -5, -10, -3, -7, -2, 23, 5, -3, 8, 0, 6, 11, -11, 25, 23, 23, 23, 30, 18, 26, 11, -9, 13, 7, 23, 15, 14, -10, 0","3, 2, 1, 1, 1, 1, 1, 2, 4, 1, 2, 2, 2, 2, 1, 3, 2, 2, 3, 1, 2, 2, 3, 1, 1, 2, 1, 1, 3, 4, 2, 2, 4, 1, 2, 3, 1, 2, 1, 3, 3, 2, 3, 2, 1, 2, 3, 4, 1, 2, 1, 2, 3, 3, 1, 3, 1, 3, 2, 1, 3, 2, 3, 4, 1, 2, 3, 2, 3, 1, 1, 1, 1, 3, 2, 4, 3, 1, 2, 1, 4, 1, 1, 3, 2, 1, 3, 1, 4, 2, 1, 2, 1, 2, 2, 2, 2, 3, 3, 3, 1, 1, 1, 3, 2, 2, 1, 3, 2, 2, 3, 1, 2, 4, 1, 2, 2, 3, 2, 4, 4, 2, 2, 3, 4, 2, 3, 4, 1, 3, 1, 1, 3, 4, 4, 1, 2, 3, 3, 4, 4, 4, 2, 4, 1, 2, 3, 1, 2, 3, 4, 4, 4, 1, 3, 4, 4, 1, 2, 3, 1, 2, 3, 1, 3, 3, 1, 2, 3, 1, 3, 3, 3, 4, 4, 1, 3, 1, 3, 1, 3, 4, 2, 3, 3, 3, 1, 2, 3, 1, 3, 3, 3, 1, 3, 3, 4, 4, 2, 2, 1, 4, 1, 3, 4, 2, 4, 3, 1, 4, 4, 4, 2, 4, 4, 2, 1, 1, 1, 2, 3, 1, 4, 2, 2, 2, 3, 1, 2, 2, 2, 2, 3, 2, 4, 2, 1, 1, 3, 4, 2, 2, 2, 3, 3, 3, 1, 3, 3, 3, 4, 4, 2, 3, 2, 3, 2, 4, 1, 2, 2, 2, 3, 4, 2, 3, 4, 2, 1, 2, 3, 3, 2, 4, 2, 2, 2, 3, 3, 2, 4, 4, 3, 2, 2, 4, 1, 2, 4, 2, 3, 1, 3, 4, 2, 3, 2, 2, 3, 3, 2, 2, 2, 2, 3, 4, 3, 2, 4, 1, 1, 3, 4, 4, 4, 2",69.12041265918,91.6431924882629,89.6200185356812,2.02317395258173,0.324355971896956,50.877851453355,49.9547511312217,"4","4 - 37222"
"6","HEYER,ALLIE",270,266,8860,231,257,69,207,83,138,289,"brandeis, washu2, nyu2, case western reserve2, penn state-behrend, brandeis, muskingum, muskingum, washu2, washington & jefferson, chicago, rochester2, allegheny, baldwin wallace, wis.-eau claire, rochester2, rochester2, allegheny, brandeis, nyu2, emory2, washington & jefferson, nyu, bridgewater st., chicago, wis.-eau claire, rochester2, brandeis2, emory, washu2, case western reserve2, bridgewater st., emory2, washington & jefferson, baldwin wallace, rochester2, rochester2, allegheny, brandeis2, chicago, rochester2, rochester2, rochester2, washington & jefferson, carlow, oberlin, denison, emory2, rochester2, rochester2, emory, la roche, muskingum, washington & jefferson, washington & jefferson, washu2, wooster, case western reserve2, washington & jefferson, penn state-behrend, washu, wooster, allegheny, emory, muskingum, brandeis2, carlow, muskingum, oberlin, emory2, johns hopkins, la roche, muskingum, rochester, washington & jefferson, washu2, washington & jefferson, washington & jefferson, oberlin, brandeis2, chicago, la roche, rochester, chicago, oberlin, bridgewater st., emory, washu2, wis.-eau claire, oberlin, muskingum, washington & jefferson, washu2, washu2, emory, washington & jefferson, oberlin, brandeis, oberlin, wooster, emory, la roche, oberlin, oberlin, rochester, rochester, rochester, carlow, muskingum, rochester","15, -11, -24, 15, 8, 16, 9, 11, -13, 8, 2, 11, 1, 5, 15, -4, 15, 0, 15, -18, -14, 8, -25, 5, -4, 17, 9, -4, -4, -10, 14, 3, -5, 9, 5, 11, 9, -2, 11, -3, 11, 13, 18, 3, 20, 10, -10, -17, 0, 11, -6, 11, 9, 2, 8, 7, 14, 6, 0, 8, 22, 8, 0, -8, 9, -2, 24, 11, 12, -3, -8, 11, 9, 12, 9, -2, 8, 2, 31, 13, 1, 17, 15, 1, 9, 4, -10, 4, 15, 32, 34, 1, 0, 5, -11, 0, 30, 18, 26, 11, -9, 13, 7, 23, 15, 17, 18, 32, 13, 16","4, 1, 2, 2, 1, 4, 2, 2, 1, 4, 1, 2, 2, 2, 2, 1, 3, 1, 4, 2, 2, 4, 2, 3, 1, 4, 2, 1, 2, 1, 2, 3, 3, 3, 2, 2, 3, 2, 4, 4, 2, 2, 3, 2, 1, 1, 2, 2, 1, 2, 2, 1, 1, 1, 4, 4, 3, 2, 1, 1, 2, 2, 2, 2, 2, 2, 2, 1, 2, 3, 4, 1, 2, 2, 3, 2, 4, 1, 3, 4, 2, 3, 4, 2, 1, 2, 3, 3, 2, 3, 3, 2, 2, 3, 3, 1, 3, 4, 3, 2, 4, 1, 1, 3, 4, 4, 4, 3, 1, 4",72.5959367945824,96.6165413533835,85.5555555555556,11.0609857978279,0.333333333333333,52.7677398160315,47.7508650519031,"5","5 - 8860"
"7","KATZ,JUSTINE",43,42,1219,43,38,11,25,31,24,45,"brandeis, brandeis, brandeis2, chicago2, muskingum, muskingum, muskingum, brandeis, brandeis, oberlin, brandeis2, oberlin, brandeis2, brandeis2, brandeis2, bridgewater st., bridgewater st., carlow, washu, oberlin, rochester, rochester","14, 14, 8, 2, 9, 10, 8, 10, 9, 31, 8, 32, 8, 11, 11, 12, 9, 25, 18, 30, 17, 18","4, 4, 4, 2, 2, 2, 2, 4, 4, 3, 4, 3, 4, 4, 4, 4, 4, 2, 4, 3, 4, 4",83.6751435602953,90.4761904761905,100,-9.52380952380952,0.44,49.1718426501035,53.3333333333333,"2","2 - 1219"
"8","LAFOND,LIV",68,66,2337,70,55,17,58,15,43,80,"nyu2, oberlin, muskingum, case western reserve2, oberlin, brandeis2, muskingum, muskingum, brandeis2, muskingum, oberlin, penn state-behrend, rochester, brandeis2, rochester, muskingum, washington & jefferson, bridgewater st., washington & jefferson, carlow, carlow, washu, brandeis, brandeis2, johns hopkins, rochester, carlow, muskingum, muskingum","-23, 19, 8, 14, 19, -2, 5, 30, -2, 10, 19, 7, 14, 13, 10, 34, 1, 11, 1, 25, 23, 18, 18, 14, -10, 17, 32, 13, 13","2, 2, 2, 2, 2, 2, 2, 3, 2, 2, 2, 2, 2, 4, 2, 3, 2, 4, 2, 2, 2, 4, 4, 4, 4, 4, 3, 1, 1",68.806161745828,83.3333333333333,102.941176470588,-19.6078431372549,0.293103448275862,42.5696594427245,53.75,"43","43 - 2337"
"9","LIGOTTI,PIPER",85,80,2521,68,87,25,69,28,48,86,"la roche, la roche, washington & jefferson, allegheny, washington & jefferson, carlow, oberlin, washington & jefferson, washington & jefferson, allegheny, carlow, muskingum, oberlin, oberlin, la roche, oberlin, carlow, oberlin, muskingum, la roche, carlow, washu, oberlin, oberlin, carlow, muskingum, muskingum","16, 7, 4, 7, 3, 20, 10, -2, 0, 1, 24, 11, 12, 31, 7, 17, 34, 32, 34, 7, 23, 18, 30, 26, 32, 13, 13","3, 2, 1, 3, 2, 1, 1, 2, 1, 3, 2, 1, 2, 3, 2, 2, 3, 3, 3, 2, 2, 4, 3, 3, 3, 1, 1",78.5402618008727,108.75,80,28.75,0.36231884057971,53.4923757993114,55.8139534883721,"3","3 - 2521"
"10","NAMBISAN,ISHA",1241,1248,41780,1071,1233,333,1014,317,656,1295,"allegheny, brandeis, carlow, case western reserve, case western reserve, chicago, chicago2, denison, emory2, muskingum, muskingum, oberlin, oberlin, penn state-behrend, penn state-behrend, rochester, washington & jefferson, washington & jefferson, washu2, washu2, washu2, washu2, allegheny, baldwin wallace, bridgewater st., case western reserve2, penn state-behrend, rochester, brandeis, rochester2, case western reserve2, penn state-behrend, la roche, case western reserve, allegheny, brandeis, bridgewater st., carlow, case western reserve, chicago2, emory2, emory2, emory2, johns hopkins, nyu, nyu2, penn state-behrend, washu, wis.-eau claire, emory, nyu, chicago, rochester2, nyu2, allegheny, baldwin wallace, baldwin wallace, baldwin wallace, baldwin wallace, brandeis, bridgewater st., bridgewater st., carlow, case western reserve, case western reserve, case western reserve, chicago, chicago, chicago, denison, denison, denison, johns hopkins, johns hopkins, la roche, la roche, la roche, nyu, nyu2, oberlin, penn state-behrend, penn state-behrend, penn state-behrend, rochester, washu, washu2, wis.-eau claire, wis.-eau claire, wis.-eau claire, wis.-eau claire, wooster, wooster, baldwin wallace, brandeis2, la roche, nyu2, rochester, rochester2, rochester2, rochester2, allegheny, oberlin, muskingum, wis.-eau claire, bridgewater st., emory2, emory2, nyu2, bridgewater st., chicago, wis.-eau claire, rochester2, baldwin wallace, brandeis, brandeis2, bridgewater st., bridgewater st., case western reserve, case western reserve, case western reserve2, emory2, johns hopkins, johns hopkins, la roche, nyu, nyu2, nyu2, washu, wis.-eau claire, wis.-eau claire, case western reserve2, bridgewater st., emory2, washington & jefferson, oberlin, case western reserve, rochester, rochester, denison, case western reserve, baldwin wallace, rochester2, rochester2, allegheny, brandeis, brandeis, brandeis2, brandeis2, brandeis2, brandeis2, brandeis2, bridgewater st., bridgewater st., bridgewater st., bridgewater st., bridgewater st., bridgewater st., bridgewater st., case western reserve, case western reserve, case western reserve2, case western reserve2, case western reserve2, chicago, chicago, chicago, chicago, chicago, chicago, chicago2, chicago2, chicago2, denison, emory, emory, emory, emory2, emory2, emory2, johns hopkins, johns hopkins, la roche, nyu, nyu, nyu, nyu2, nyu2, penn state-behrend, penn state-behrend, penn state-behrend, penn state-behrend, rochester, rochester, washu, washu, washu2, washu2, washu2, wis.-eau claire, wis.-eau claire, wooster, nyu, baldwin wallace, chicago2, denison, emory2, johns hopkins, nyu2, rochester, rochester2, rochester2, rochester2, rochester2, rochester2, washu2, wis.-eau claire, denison, emory2, rochester2, rochester2, brandeis2, muskingum, muskingum, washington & jefferson, washington & jefferson, emory, allegheny, baldwin wallace, chicago, denison, denison, denison, emory2, emory2, emory2, emory2, johns hopkins, johns hopkins, oberlin, oberlin, oberlin, rochester, rochester, washington & jefferson, washington & jefferson, washington & jefferson, washington & jefferson, washu2, washu2, washu2, washu2, washu2, wooster, brandeis2, nyu2, rochester2, washu, wooster, wooster, case western reserve, brandeis, penn state-behrend, washu, wooster, case western reserve, chicago, penn state-behrend, allegheny, brandeis, brandeis, brandeis2, bridgewater st., bridgewater st., case western reserve, case western reserve, case western reserve2, chicago, denison, denison, denison, johns hopkins, johns hopkins, johns hopkins, penn state-behrend, penn state-behrend, washu, washu, washu2, washu2, wis.-eau claire, wooster, wooster, brandeis2, carlow, emory2, johns hopkins, la roche, muskingum, rochester, washington & jefferson, washu2, muskingum, muskingum, oberlin, penn state-behrend, case western reserve, case western reserve, brandeis2, bridgewater st., chicago, la roche, rochester, chicago, oberlin, la roche, oberlin, case western reserve, bridgewater st., bridgewater st., case western reserve, case western reserve2, chicago, chicago, chicago, chicago2, denison, emory, johns hopkins, johns hopkins, oberlin, oberlin, penn state-behrend, washu2, wooster, chicago, rochester2, washu2, brandeis2, brandeis2, brandeis2, bridgewater st., bridgewater st., bridgewater st., washington & jefferson, la roche, washington & jefferson, carlow, carlow, wooster, emory, la roche, oberlin, oberlin, rochester, brandeis2, johns hopkins, wooster, rochester, muskingum","0, 13, 23, -11, -11, -4, 6, 1, -7, 0, 11, 0, 18, 8, 5, 5, 0, 0, 0, 10, 5, 4, -3, -4, 13, -5, 6, 7, 14, 0, 15, 8, 16, -9, -5, 0, 8, 6, -11, 4, -4, -3, 0, -8, -16, -18, 8, 13, 13, -3, -33, 2, 11, -23, -2, 0, -2, 9, -9, 7, -2, 7, 0, 0, -9, 0, 4, 0, -3, 0, -5, -5, -6, 2, 0, 9, 17, -19, -19, 19, 0, 7, 3, 17, -2, -1, 0, 3, 13, 9, 0, 12, 0, 6, 11, -13, 19, 7, 14, 9, 0, 19, 8, -1, 3, -5, -5, -18, 5, -4, 17, 9, 6, 7, -6, 0, 1, -9, -5, 0, -6, -6, -9, 11, -19, -13, -18, 22, 13, 9, 14, 3, -5, 9, 19, -8, 5, 11, 17, -9, 5, 11, 9, 13, 0, 14, 0, -9, -2, 10, 13, 0, 7, 0, 1, 8, 11, 11, -11, 0, 0, 4, 11, 0, 4, 0, -4, -5, -7, 0, 2, 1, 6, 0, 1, -9, 0, -14, -8, 0, 3, 12, 0, -19, -27, 0, -23, 1, 6, 6, 9, 0, 13, 0, 19, 0, -1, 8, 10, 12, 12, -33, -4, 4, 6, -12, -12, -11, 17, 0, 13, 10, 10, 13, -1, 10, -10, -17, 0, 11, -2, 5, 30, -2, 0, -9, -3, -2, -6, 0, -6, 14, -19, -9, -4, 0, -12, -8, -2, 13, 15, 7, 16, -5, 2, -2, 5, -6, 3, 6, 12, 3, -3, 11, -19, 0, 22, 5, 7, -9, 9, 8, 22, 8, -4, -3, 1, -9, 6, 20, 11, 8, -2, -9, -3, 9, -7, -3, -6, 4, -12, -8, -10, 5, 8, 17, 16, -3, 12, -1, 0, 12, -2, 24, -3, -8, 11, 9, 12, 9, -2, 10, 8, 19, 7, -9, 4, 8, 0, 1, 17, 15, 1, 9, 7, 17, -3, 4, 3, 6, 11, 3, 0, -7, -2, -5, -10, -3, -7, -2, 23, 5, -3, 8, 0, 6, 0, 8, 11, 11, 12, 9, 11, 1, 7, 4, 23, 23, 11, -9, 13, 7, 23, 15, 14, -10, 0, 16, 13","3, 2, 3, 1, 1, 3, 2, 1, 1, 1, 3, 1, 3, 3, 4, 2, 1, 3, 3, 4, 4, 4, 1, 1, 4, 1, 1, 1, 2, 1, 2, 1, 3, 2, 1, 1, 4, 1, 1, 2, 1, 3, 4, 1, 1, 3, 4, 3, 2, 1, 3, 1, 2, 2, 3, 1, 2, 2, 3, 1, 1, 2, 1, 1, 3, 4, 2, 2, 4, 1, 2, 3, 1, 2, 1, 3, 3, 2, 3, 2, 1, 2, 3, 4, 1, 2, 1, 2, 3, 3, 1, 3, 1, 3, 2, 1, 3, 2, 3, 4, 1, 2, 2, 1, 4, 3, 4, 2, 3, 1, 4, 2, 2, 2, 2, 2, 3, 3, 3, 1, 1, 1, 3, 2, 2, 1, 3, 2, 2, 3, 2, 3, 3, 3, 2, 2, 1, 2, 4, 1, 2, 2, 3, 4, 1, 3, 1, 1, 3, 4, 4, 1, 2, 3, 3, 4, 4, 4, 2, 4, 1, 2, 3, 1, 2, 3, 4, 4, 4, 1, 3, 4, 4, 1, 2, 3, 1, 2, 3, 1, 3, 3, 1, 2, 3, 1, 3, 3, 3, 4, 4, 1, 3, 1, 3, 1, 3, 4, 2, 3, 3, 3, 1, 2, 3, 1, 3, 3, 3, 1, 3, 3, 4, 4, 2, 2, 2, 2, 1, 2, 2, 2, 3, 2, 1, 2, 1, 1, 4, 1, 2, 4, 2, 3, 4, 4, 2, 4, 1, 2, 3, 3, 4, 1, 2, 3, 4, 2, 3, 4, 4, 4, 1, 3, 2, 2, 2, 2, 2, 1, 2, 1, 2, 2, 2, 4, 2, 1, 1, 3, 4, 2, 2, 2, 3, 3, 3, 1, 3, 3, 3, 4, 4, 2, 3, 2, 3, 2, 4, 1, 2, 2, 2, 2, 3, 4, 1, 2, 2, 3, 2, 2, 2, 2, 2, 2, 3, 3, 1, 2, 3, 4, 2, 1, 2, 2, 3, 2, 4, 4, 3, 2, 2, 4, 1, 2, 4, 2, 3, 1, 3, 4, 2, 3, 2, 2, 2, 4, 4, 4, 4, 4, 4, 2, 2, 4, 2, 2, 2, 4, 1, 1, 3, 4, 4, 4, 2, 4, 1",71.4887505983724,98.7980769230769,86.3013698630137,12.4967070600632,0.328402366863905,53.4469605021327,50.6563706563707,"33","33 - 41780"
"11","OR,CATHERINE",1516,1519,51520,1293,1531,398,1239,393,805,1568,"rochester, brandeis, washu2, allegheny, brandeis, carlow, case western reserve, case western reserve, chicago, chicago2, denison, emory2, muskingum, muskingum, oberlin, oberlin, penn state-behrend, penn state-behrend, rochester, washington & jefferson, washington & jefferson, washu2, washu2, washu2, washu2, case western reserve, allegheny, brandeis2, bridgewater st., case western reserve2, case western reserve2, chicago2, denison, emory, johns hopkins, la roche, rochester, washu2, wis.-eau claire, emory, nyu, nyu2, case western reserve2, penn state-behrend, brandeis, muskingum, muskingum, washu2, la roche, case western reserve, allegheny, brandeis, bridgewater st., carlow, case western reserve, chicago2, emory2, emory2, emory2, johns hopkins, nyu, nyu2, penn state-behrend, washu, wis.-eau claire, washu, washu, brandeis, emory, washington & jefferson, allegheny, baldwin wallace, wis.-eau claire, la roche, allegheny, baldwin wallace, baldwin wallace, baldwin wallace, baldwin wallace, brandeis, bridgewater st., bridgewater st., carlow, case western reserve, case western reserve, case western reserve, chicago, chicago, chicago, denison, denison, denison, johns hopkins, johns hopkins, la roche, la roche, la roche, nyu, nyu2, oberlin, penn state-behrend, penn state-behrend, penn state-behrend, rochester, washu, washu2, wis.-eau claire, wis.-eau claire, wis.-eau claire, wis.-eau claire, wooster, wooster, allegheny, allegheny, baldwin wallace, brandeis2, brandeis2, bridgewater st., case western reserve2, chicago, chicago2, chicago2, denison, denison, emory, emory2, la roche, nyu2, penn state-behrend, rochester, washu, washu, allegheny, brandeis, nyu2, emory2, washington & jefferson, brandeis, oberlin, wis.-eau claire, bridgewater st., emory2, emory2, brandeis, chicago, rochester, emory, brandeis, nyu, bridgewater st., chicago, wis.-eau claire, brandeis2, emory, washu2, baldwin wallace, brandeis, brandeis2, bridgewater st., bridgewater st., case western reserve, case western reserve, case western reserve2, emory2, johns hopkins, johns hopkins, la roche, nyu, nyu2, nyu2, washu, wis.-eau claire, wis.-eau claire, nyu, wooster, case western reserve2, bridgewater st., emory2, washington & jefferson, brandeis, oberlin, case western reserve, rochester, rochester, allegheny, brandeis2, chicago, brandeis2, chicago2, allegheny, brandeis, brandeis, brandeis2, brandeis2, brandeis2, brandeis2, brandeis2, bridgewater st., bridgewater st., bridgewater st., bridgewater st., bridgewater st., bridgewater st., bridgewater st., case western reserve, case western reserve, case western reserve2, case western reserve2, case western reserve2, chicago, chicago, chicago, chicago, chicago, chicago, chicago2, chicago2, chicago2, denison, emory, emory, emory, emory2, emory2, emory2, johns hopkins, johns hopkins, la roche, nyu, nyu, nyu, nyu2, nyu2, penn state-behrend, penn state-behrend, penn state-behrend, penn state-behrend, rochester, rochester, washu, washu, washu2, washu2, washu2, wis.-eau claire, wis.-eau claire, wooster, penn state-behrend, allegheny, baldwin wallace, baldwin wallace, baldwin wallace, brandeis2, brandeis2, bridgewater st., case western reserve, case western reserve, case western reserve2, chicago, chicago2, chicago2, denison, nyu2, penn state-behrend, washu2, wis.-eau claire, wis.-eau claire, wis.-eau claire, wooster, washington & jefferson, denison, emory2, emory, la roche, muskingum, washington & jefferson, washington & jefferson, washu2, wooster, brandeis2, muskingum, washington & jefferson, emory, allegheny, baldwin wallace, chicago, denison, denison, denison, emory2, emory2, emory2, emory2, johns hopkins, johns hopkins, oberlin, oberlin, oberlin, rochester, rochester, washington & jefferson, washington & jefferson, washington & jefferson, washington & jefferson, washu2, washu2, washu2, washu2, washu2, wooster, case western reserve2, nyu2, wis.-eau claire, washu, wooster, brandeis, washington & jefferson, case western reserve, penn state-behrend, washu, wooster, allegheny, emory, allegheny, case western reserve, chicago, penn state-behrend, allegheny, brandeis, brandeis, brandeis2, bridgewater st., bridgewater st., case western reserve, case western reserve, case western reserve2, chicago, denison, denison, denison, johns hopkins, johns hopkins, johns hopkins, penn state-behrend, penn state-behrend, washu, washu, washu2, washu2, wis.-eau claire, wooster, wooster, washu, muskingum, brandeis2, carlow, muskingum, oberlin, emory2, johns hopkins, la roche, muskingum, rochester, washington & jefferson, washu2, muskingum, muskingum, oberlin, penn state-behrend, rochester, case western reserve, case western reserve, brandeis2, bridgewater st., allegheny, washington & jefferson, brandeis, brandeis2, chicago, la roche, rochester, bridgewater st., emory, washu2, wis.-eau claire, brandeis2, rochester, la roche, oberlin, carlow, case western reserve, bridgewater st., bridgewater st., case western reserve, case western reserve2, chicago, chicago, chicago, chicago2, denison, emory, johns hopkins, johns hopkins, oberlin, oberlin, penn state-behrend, washu2, wooster, case western reserve2, washington & jefferson, washu2, brandeis2, brandeis2, brandeis2, bridgewater st., bridgewater st., bridgewater st., washington & jefferson, la roche, washington & jefferson, emory, carlow, carlow, carlow, washington & jefferson, oberlin, brandeis, oberlin, wooster, emory, la roche, oberlin, oberlin, rochester, brandeis2, johns hopkins, wooster, rochester, carlow, muskingum, rochester, muskingum","9, 15, -11, 0, 13, 23, -11, -11, -4, 6, 1, -7, 0, 11, 0, 18, 8, 5, 5, 0, 0, 0, 10, 5, 4, -10, -5, -1, 7, 9, 14, 0, -5, -6, -12, 7, 7, -11, 17, -4, -15, -24, 15, 8, 16, 9, 11, -13, 16, -9, -5, 0, 8, 6, -11, 4, -4, -3, 0, -8, -16, -18, 8, 13, 13, 3, 13, 5, -4, 8, 1, 5, 15, 7, -2, 0, -2, 9, -9, 7, -2, 7, 0, 0, -9, 0, 4, 0, -3, 0, -5, -5, -6, 2, 0, 9, 17, -19, -19, 19, 0, 7, 3, 17, -2, -1, 0, 3, 13, 9, 0, 12, -5, 1, -7, -5, 2, 2, -4, 0, -4, 4, -4, 14, -9, -6, 7, -10, 6, 7, 1, 12, 0, 15, -18, -14, 8, 14, 19, -1, 3, -5, -5, 7, -2, 2, -2, 22, -36, 5, -4, 17, -4, -4, -10, 6, 7, -6, 0, 1, -9, -5, 0, -6, -6, -9, 11, -19, -13, -18, 22, 13, 9, -11, 7, 14, 3, -5, 9, 14, 19, -8, 5, 11, -2, 11, -3, 8, 2, 13, 0, 14, 0, -9, -2, 10, 13, 0, 7, 0, 1, 8, 11, 11, -11, 0, 0, 4, 11, 0, 4, 0, -4, -5, -7, 0, 2, 1, 6, 0, 1, -9, 0, -14, -8, 0, 3, 12, 0, -19, -27, 0, -23, 1, 6, 6, 9, 0, 13, 0, 19, 0, -1, 8, 10, 12, 12, 7, 12, 0, -5, -10, -2, 10, -5, -7, -1, 11, 1, 2, 1, 14, -15, 2, -6, -1, 10, 10, -1, 3, -10, -17, -6, 11, 9, 2, 8, 7, 14, -2, 5, -2, -9, -3, -2, -6, 0, -6, 14, -19, -9, -4, 0, -12, -8, -2, 13, 15, 7, 16, -5, 2, -2, 5, -6, 3, 6, 12, 3, -3, 15, -21, -1, 22, 5, 19, 0, -9, 8, 22, 8, 0, -8, 1, -4, -3, 1, -9, 6, 20, 11, 8, -2, -9, -3, 9, -7, -3, -6, 4, -12, -8, -10, 5, 8, 17, 16, -3, 12, -1, 0, 12, 15, 9, -2, 24, 11, 12, -3, -8, 11, 9, 12, 9, -2, 10, 8, 19, 7, 14, -9, 4, 8, 0, 16, 8, 10, 13, 1, 17, 15, 4, -10, 4, 15, 8, 10, 7, 17, 34, -3, 4, 3, 6, 11, 3, 0, -7, -2, -5, -10, -3, -7, -2, 23, 5, -3, 8, 11, 1, 5, 8, 11, 11, 12, 9, 11, 1, 7, 4, -11, 23, 23, 23, 0, 30, 18, 26, 11, -9, 13, 7, 23, 15, 14, -10, 0, 18, 32, 13, 16, 13","3, 4, 1, 3, 2, 3, 1, 1, 3, 2, 1, 1, 1, 3, 1, 3, 3, 4, 2, 1, 3, 3, 4, 4, 4, 1, 2, 1, 1, 3, 4, 3, 1, 1, 1, 1, 3, 1, 4, 1, 1, 2, 2, 1, 4, 2, 2, 1, 3, 2, 1, 1, 4, 1, 1, 2, 1, 3, 4, 1, 1, 3, 4, 3, 2, 1, 4, 1, 1, 4, 2, 2, 2, 2, 3, 1, 2, 2, 3, 1, 1, 2, 1, 1, 3, 4, 2, 2, 4, 1, 2, 3, 1, 2, 1, 3, 3, 2, 3, 2, 1, 2, 3, 4, 1, 2, 1, 2, 3, 3, 1, 3, 1, 2, 3, 2, 3, 1, 1, 1, 1, 3, 2, 4, 3, 1, 2, 1, 4, 1, 1, 3, 1, 4, 2, 2, 4, 4, 2, 1, 4, 3, 4, 2, 1, 1, 1, 3, 3, 3, 1, 4, 1, 2, 1, 2, 2, 2, 2, 3, 3, 3, 1, 1, 1, 3, 2, 2, 1, 3, 2, 2, 3, 1, 2, 2, 3, 3, 3, 4, 2, 2, 1, 2, 2, 4, 4, 4, 2, 4, 1, 3, 1, 1, 3, 4, 4, 1, 2, 3, 3, 4, 4, 4, 2, 4, 1, 2, 3, 1, 2, 3, 4, 4, 4, 1, 3, 4, 4, 1, 2, 3, 1, 2, 3, 1, 3, 3, 1, 2, 3, 1, 3, 3, 3, 4, 4, 1, 3, 1, 3, 1, 3, 4, 2, 3, 3, 1, 4, 1, 3, 4, 2, 4, 3, 1, 4, 4, 4, 2, 4, 4, 2, 1, 1, 1, 2, 3, 1, 2, 2, 2, 2, 1, 1, 1, 4, 4, 3, 2, 2, 2, 2, 1, 1, 4, 1, 2, 4, 2, 3, 4, 4, 2, 4, 1, 2, 3, 3, 4, 1, 2, 3, 4, 2, 3, 4, 4, 4, 1, 3, 2, 1, 2, 2, 3, 1, 1, 1, 2, 2, 2, 2, 3, 2, 4, 2, 1, 1, 3, 4, 2, 2, 2, 3, 3, 3, 1, 3, 3, 3, 4, 4, 2, 3, 2, 3, 2, 4, 1, 2, 2, 2, 2, 2, 2, 1, 2, 3, 4, 1, 2, 2, 3, 2, 2, 2, 2, 2, 2, 2, 3, 3, 1, 4, 4, 4, 4, 2, 3, 4, 2, 3, 3, 2, 4, 2, 2, 2, 3, 3, 2, 4, 4, 3, 2, 2, 4, 1, 2, 4, 2, 3, 1, 3, 4, 2, 3, 3, 2, 3, 4, 4, 4, 4, 4, 4, 2, 2, 4, 3, 2, 2, 2, 1, 3, 4, 3, 2, 4, 1, 1, 3, 4, 4, 4, 2, 4, 3, 1, 4, 1",70.6909937888199,100.789993416722,85.2902374670185,15.4997559497031,0.321226795803067,54.2169528018585,51.3392857142857,"22","22 - 51520"
"12","PEPER,ANYA",101,92,3233,91,118,28,79,25,60,111,"allegheny, case western reserve, washu, case western reserve, washu, washu, nyu, nyu, brandeis, nyu, brandeis, nyu, wooster, brandeis, case western reserve, brandeis, nyu, penn state-behrend, allegheny, allegheny, case western reserve, chicago, penn state-behrend, washu, case western reserve, case western reserve, allegheny, brandeis, case western reserve, chicago, oberlin, bridgewater st., carlow, carlow, carlow, wooster, wooster","-3, -10, 11, -9, 3, 13, -9, -26, 7, -25, 22, -11, 7, 14, -8, 7, -33, 7, 16, 16, -4, -3, 1, 15, -9, 4, 16, 9, -3, 0, 32, 11, 25, 23, 23, 11, 0","1, 1, 1, 2, 1, 4, 1, 2, 2, 2, 3, 1, 2, 4, 2, 2, 3, 1, 4, 4, 2, 4, 2, 2, 2, 3, 4, 4, 3, 2, 3, 4, 2, 2, 2, 2, 2",71.6362511599134,128.260869565217,90.0990099009901,38.1618596642273,0.354430379746835,65.5555555555556,54.0540540540541,"14","14 - 3233"
"13","PROUTY,ANNA",122,116,4237,100,129,35,105,32,71,130,"bridgewater st., nyu, nyu, brandeis, nyu2, brandeis, wis.-eau claire, nyu2, brandeis, chicago, rochester, brandeis, nyu, brandeis, brandeis, case western reserve, rochester, rochester, brandeis, rochester2, emory, case western reserve2, emory, brandeis2, nyu2, rochester2, case western reserve2, nyu2, wis.-eau claire, allegheny, brandeis, rochester, case western reserve, brandeis2, bridgewater st., allegheny, washington & jefferson, washington & jefferson, brandeis, brandeis, rochester2, case western reserve2, washu2, washu2, la roche, washington & jefferson, washington & jefferson, washu, rochester, rochester, rochester","5, -33, -33, 15, -18, 14, -1, -18, 7, -2, 2, 22, -36, 22, 14, -8, 5, 11, 7, 0, -6, 6, -9, 11, -19, 0, 15, -21, -1, 16, 9, 14, -9, 8, 0, 16, 8, 2, 10, 9, 6, 11, 0, 5, 7, 4, 0, 18, 17, 18, 16","1, 3, 3, 4, 2, 4, 1, 2, 2, 1, 1, 3, 3, 3, 4, 2, 1, 2, 2, 1, 2, 2, 2, 3, 2, 2, 3, 2, 1, 4, 2, 2, 2, 3, 1, 4, 4, 1, 4, 4, 2, 3, 2, 3, 2, 4, 1, 4, 4, 4, 4",67.4061836204862,111.206896551724,81.9672131147541,29.23968343697,0.333333333333333,54.1652670473631,54.6153846153846,"11","11 - 4237"
"14","TIMKO,NICOLE",954,952,32853,765,1016,260,789,262,518,1001,"brandeis, denison, baldwin wallace, bridgewater st., case western reserve2, penn state-behrend, rochester, allegheny, brandeis2, bridgewater st., case western reserve2, case western reserve2, chicago2, denison, emory, johns hopkins, la roche, rochester, washu2, wis.-eau claire, bridgewater st., brandeis, emory, nyu, washu, rochester2, brandeis, muskingum, muskingum, washu2, allegheny, brandeis, bridgewater st., carlow, case western reserve, chicago2, emory2, emory2, emory2, johns hopkins, nyu, nyu2, penn state-behrend, washu, wis.-eau claire, washu, washu, denison, nyu, rochester2, rochester2, baldwin wallace, brandeis2, la roche, nyu2, rochester, rochester2, rochester2, rochester2, allegheny, allegheny, baldwin wallace, brandeis2, brandeis2, bridgewater st., case western reserve2, chicago, chicago2, chicago2, denison, denison, emory, emory2, la roche, nyu2, penn state-behrend, rochester, washu, washu, emory2, washington & jefferson, muskingum, bridgewater st., emory2, emory2, nyu2, chicago, rochester, emory, brandeis, nyu, brandeis, rochester2, brandeis2, emory, washu2, baldwin wallace, brandeis, brandeis2, bridgewater st., bridgewater st., case western reserve, case western reserve, case western reserve2, emory2, johns hopkins, johns hopkins, la roche, nyu, nyu2, nyu2, washu, wis.-eau claire, wis.-eau claire, nyu, wooster, bridgewater st., emory2, washington & jefferson, oberlin, rochester, rochester, case western reserve, washington & jefferson, case western reserve, rochester2, rochester2, rochester2, allegheny, baldwin wallace, chicago2, denison, emory2, johns hopkins, nyu2, rochester, rochester2, rochester2, rochester2, rochester2, rochester2, washu2, wis.-eau claire, allegheny, baldwin wallace, baldwin wallace, baldwin wallace, brandeis2, brandeis2, bridgewater st., case western reserve, case western reserve, case western reserve2, chicago, chicago2, chicago2, denison, nyu2, penn state-behrend, washu2, wis.-eau claire, wis.-eau claire, wis.-eau claire, wooster, allegheny, carlow, oberlin, rochester2, la roche, muskingum, washington & jefferson, washington & jefferson, washu2, wooster, case western reserve2, muskingum, washington & jefferson, allegheny, baldwin wallace, chicago, denison, denison, denison, emory2, emory2, emory2, emory2, johns hopkins, johns hopkins, oberlin, oberlin, oberlin, rochester, rochester, washington & jefferson, washington & jefferson, washington & jefferson, washington & jefferson, washu2, washu2, washu2, washu2, washu2, wooster, brandeis2, nyu2, rochester2, case western reserve2, nyu2, wis.-eau claire, allegheny, wooster, brandeis, washington & jefferson, case western reserve, brandeis, allegheny, emory, allegheny, allegheny, brandeis, brandeis, brandeis2, bridgewater st., bridgewater st., case western reserve, case western reserve, case western reserve2, chicago, denison, denison, denison, johns hopkins, johns hopkins, johns hopkins, penn state-behrend, penn state-behrend, washu, washu, washu2, washu2, wis.-eau claire, wooster, wooster, washu, muskingum, muskingum, oberlin, emory2, johns hopkins, la roche, muskingum, rochester, washington & jefferson, washu2, muskingum, oberlin, penn state-behrend, rochester, case western reserve, brandeis2, bridgewater st., allegheny, washington & jefferson, chicago, oberlin, bridgewater st., emory, washu2, wis.-eau claire, brandeis2, rochester, carlow, bridgewater st., bridgewater st., case western reserve, case western reserve2, chicago, chicago, chicago, chicago2, denison, emory, johns hopkins, johns hopkins, oberlin, oberlin, penn state-behrend, washu2, wooster, chicago, rochester2, case western reserve2, muskingum, washington & jefferson, washu2, washu2, brandeis2, brandeis2, brandeis2, bridgewater st., bridgewater st., washington & jefferson, washington & jefferson, emory, washington & jefferson, brandeis, oberlin, emory, la roche, oberlin, oberlin, rochester, brandeis2, johns hopkins, wooster, rochester, rochester, carlow, muskingum, rochester, muskingum","0, 15, -4, 13, -5, 6, 7, -5, -1, 7, 9, 14, 0, -5, -6, -12, 7, 7, -11, 17, 5, 14, -4, -15, 11, 0, 16, 9, 11, -13, -5, 0, 8, 6, -11, 4, -4, -3, 0, -8, -16, -18, 8, 13, 13, 3, 13, 15, -33, -4, 15, 0, 6, 11, -13, 19, 7, 14, 9, -5, 1, -7, -5, 2, 2, -4, 0, -4, 4, -4, 14, -9, -6, 7, -10, 6, 7, 1, 12, -14, 8, 8, 3, -5, -5, -18, -2, 2, -2, 22, -36, 22, 9, -4, -4, -10, 6, 7, -6, 0, 1, -9, -5, 0, -6, -6, -9, 11, -19, -13, -18, 22, 13, 9, -11, 7, 3, -5, 9, 19, 5, 11, -7, 4, -9, 11, 13, 18, 7, -4, 4, 6, -12, -12, -11, 17, 0, 13, 10, 10, 13, -1, 10, 12, 0, -5, -10, -2, 10, -5, -7, -1, 11, 1, 2, 1, 14, -15, 2, -6, -1, 10, 10, -1, 16, 20, 10, 11, 11, 9, 2, 8, 7, 14, 6, 30, 0, -3, -2, -6, 0, -6, 14, -19, -9, -4, 0, -12, -8, -2, 13, 15, 7, 16, -5, 2, -2, 5, -6, 3, 6, 12, 3, -3, 11, -19, 0, 15, -21, -1, 16, 7, 19, 0, -9, 9, 0, -8, 1, -9, 6, 20, 11, 8, -2, -9, -3, 9, -7, -3, -6, 4, -12, -8, -10, 5, 8, 17, 16, -3, 12, -1, 0, 12, 15, 9, 11, 12, -3, -8, 11, 9, 12, 9, -2, 8, 19, 7, 14, 4, 8, 0, 16, 2, 1, 9, 4, -10, 4, 15, 8, 10, 34, 4, 3, 6, 11, 3, 0, -7, -2, -5, -10, -3, -7, -2, 23, 5, -3, 8, 0, 6, 11, 34, 1, 0, 5, 8, 11, 11, 12, 9, 1, 4, -11, 0, 18, 26, -9, 13, 7, 23, 15, 14, -10, 0, 17, 18, 32, 13, 16, 13","1, 4, 1, 4, 1, 1, 1, 2, 1, 1, 3, 4, 3, 1, 1, 1, 1, 3, 1, 4, 1, 2, 1, 1, 1, 1, 4, 2, 2, 1, 1, 1, 4, 1, 1, 2, 1, 3, 4, 1, 1, 3, 4, 3, 2, 1, 4, 4, 3, 1, 3, 1, 3, 2, 1, 3, 2, 3, 4, 1, 2, 3, 2, 3, 1, 1, 1, 1, 3, 2, 4, 3, 1, 2, 1, 4, 1, 1, 3, 2, 4, 2, 4, 3, 4, 2, 1, 1, 1, 3, 3, 3, 2, 1, 2, 1, 2, 2, 2, 2, 3, 3, 3, 1, 1, 1, 3, 2, 2, 1, 3, 2, 2, 3, 1, 2, 3, 3, 3, 2, 1, 2, 1, 1, 1, 2, 2, 3, 3, 1, 2, 3, 1, 3, 3, 3, 1, 3, 3, 4, 4, 2, 2, 4, 1, 3, 4, 2, 4, 3, 1, 4, 4, 4, 2, 4, 4, 2, 1, 1, 1, 2, 3, 1, 4, 1, 1, 2, 1, 1, 1, 4, 4, 3, 2, 3, 1, 1, 1, 4, 1, 2, 4, 2, 3, 4, 4, 2, 4, 1, 2, 3, 3, 4, 1, 2, 3, 4, 2, 3, 4, 4, 4, 1, 3, 2, 2, 3, 2, 1, 4, 2, 3, 1, 1, 2, 2, 2, 3, 1, 1, 3, 4, 2, 2, 2, 3, 3, 3, 1, 3, 3, 3, 4, 4, 2, 3, 2, 3, 2, 4, 1, 2, 2, 2, 2, 1, 2, 3, 4, 1, 2, 2, 3, 2, 2, 2, 2, 2, 3, 3, 1, 4, 1, 2, 1, 2, 3, 3, 2, 4, 2, 3, 2, 4, 4, 3, 2, 2, 4, 1, 2, 4, 2, 3, 1, 3, 4, 2, 3, 2, 2, 3, 3, 2, 2, 3, 4, 4, 4, 4, 4, 2, 4, 3, 1, 4, 3, 4, 1, 1, 3, 4, 4, 4, 2, 4, 4, 3, 1, 4, 1",69.6192128572733,106.72268907563,80.188679245283,26.5340098303472,0.329531051964512,56.1772902198434,51.7482517482517,"24","24 - 32853"
